{"cameraMode":{"drawMode":0,"name":"Shaded","section":"Shading Mode"},"sceneLighting":false,"audioPlay":false,"sceneViewState":{"m_AlwaysRefresh":false,"showFog":true,"showSkybox":false,"showFlares":true,"showImageEffects":true,"showParticleSystems":true,"showVisualEffectGraphs":true,"m_FxEnabled":false},"in2DMode":false,"pivot":{"x":0.1855309009552002,"y":-2.534897565841675,"z":-7.986724853515625},"rotation":{"x":-0.030649855732917787,"y":-0.9494245648384094,"z":0.29681530594825747,"w":-0.09805937856435776},"size":1.2247447967529297,"orthographic":false}