{"cameraMode":{"drawMode":0,"name":"Shaded","section":"Shading Mode"},"sceneLighting":false,"audioPlay":false,"sceneViewState":{"m_AlwaysRefresh":false,"showFog":true,"showSkybox":true,"showFlares":true,"showImageEffects":true,"showParticleSystems":true,"showVisualEffectGraphs":true,"m_FxEnabled":false},"in2DMode":false,"pivot":{"x":5.808578968048096,"y":10.353713989257813,"z":-11.338738441467286},"rotation":{"x":-0.36906129121780398,"y":0.37686970829963686,"z":-0.1668919175863266,"w":-0.8330820798873901},"size":0.23392635583877564,"orthographic":false}